ID,FitnessTip,Category,Rating,Difficulty,Preview Description,Expanded Description
1,Morning mobility routine,Mobility & Flexibility,100,3,"A brief morning mobility routine reduces stiffness, improves posture and primes your body for movement. Once it becomes a ritual, it boosts energy and comfort throughout the day.","Why it matters: Starting the day with mobility helps counter stiffness caused by sleep and prolonged sitting. It prepares joints, muscles, and the nervous system for movement, reducing discomfort and improving posture and energy levels throughout the day.
How to apply: Spend 5–10 minutes each morning moving through gentle joint circles, spinal mobility, and dynamic stretches. Focus on hips, shoulders, and the upper back rather than forcing deep stretches.
Practical example: Perform arm circles, hip openers, cat–cow movements, and bodyweight squats immediately after waking to ease into the day."
2,Daily step target,Cardio & Endurance,98,1,"Walking 7,000–10,000 steps daily improves heart health, mood and overall conditioning with minimal effort.","Why it matters: Walking is one of the most accessible forms of physical activity and plays a major role in cardiovascular health, calorie expenditure, and mental well-being. Consistent daily movement reduces the risks associated with prolonged inactivity.
How to apply: Set a realistic daily step target based on your lifestyle, typically between 7,000 and 10,000 steps. Spread walking across the day rather than relying on one long session.
Practical example: Take short walks after meals, use stairs instead of elevators, or add a 20-minute evening walk to reach your target."
3,Hydrate early,Nutrition,96,1,"Drinking water within the first hour of waking rehydrates your body and supports digestion, alertness and energy.","Why it matters: After several hours of sleep, the body is naturally dehydrated. Starting the day without fluids can negatively affect energy, concentration, digestion, and physical performance.
How to apply: Drink a glass of water within the first hour of waking and maintain consistent hydration throughout the day rather than consuming large amounts at once.
Practical example: Place a water bottle beside your bed and drink it before checking your phone or starting your morning routine."
4,Protein with every meal,Nutrition,95,2,"Including protein in every meal supports muscle repair, appetite control and balanced energy levels.","Why it matters: Protein supports muscle repair, satiety, metabolic health, and hormonal balance. Inadequate protein intake can slow recovery and make it harder to maintain lean muscle mass.
How to apply: Include a clear protein source at every meal and spread intake evenly across the day.
Practical example: Add eggs at breakfast, lean meat or legumes at lunch, and fish, tofu, or dairy at dinner."
5,Form over weight,Strength Training,93,3,Prioritising technique prevents injury and improves long-term strength gains more effectively than lifting heavier weights with poor form.,"Why it matters: Poor lifting technique increases injury risk and reduces muscle engagement. Long-term progress depends more on movement quality than on how much weight is lifted.
How to apply: Lower the load if form deteriorates and focus on controlled movement, full range of motion, and proper joint alignment.
Practical example: Reduce squat weight and ensure proper depth and spinal position before attempting heavier lifts."
6,Warm-up properly,Mobility & Flexibility,92,2,"A proper warm-up prepares your muscles, joints and nervous system for intense movement, reducing injury risk.","Why it matters: A warm-up prepares muscles, joints, and the nervous system for higher intensity activity. Skipping this step increases injury risk and limits performance potential.
How to apply: Use dynamic movements that gradually raise heart rate and mimic the exercises you plan to perform.
Practical example: Before strength training, perform light cardio followed by mobility drills and lighter sets of the main lift."
7,Train consistently,Habits & Lifestyle,91,3,Consistency always beats intensity. Regular training builds long-term progress and healthier habits.,"Why it matters: Consistency compounds over time and produces far better results than occasional intense efforts. Long gaps between workouts limit adaptation and progress.
How to apply: Create a realistic weekly training schedule that fits your lifestyle and prioritize regularity over duration.
Practical example: Commit to three 30-minute sessions per week instead of one long weekend workout."
8,Strengthen your core,Strength Training,90,2,"A strong core improves posture, stability, balance and reduces lower-back discomfort.","Why it matters: The core stabilizes the spine and supports nearly every movement. Weak core muscles can contribute to poor posture, lower-back pain, and inefficient lifting.
How to apply: Train the core using exercises that resist movement rather than only flexion-based exercises.
Practical example: Include plank holds, dead bugs, or farmer’s carries at the end of each workout."
9,Short home workouts,Habits & Lifestyle,89,1,Quick 10–20 minute home workouts reduce barriers and maintain progress on busy days.,"Why it matters: Lack of time is one of the biggest barriers to fitness. Short workouts remove this obstacle and help maintain momentum during busy periods.
How to apply: Use bodyweight or minimal equipment routines that elevate heart rate and target major muscle groups.
Practical example: Complete a 15-minute circuit of squats, push-ups, lunges, and planks at home."
10,Build a bedtime routine,Recovery & Sleep,88,2,"A consistent nightly routine improves sleep quality, energy and recovery.","Why it matters: Sleep quality directly affects recovery, energy levels, and training performance. Poor sleep disrupts hormones that regulate hunger and stress.
How to apply: Create a consistent wind-down routine and reduce screen exposure before bed.
Practical example: Dim lights an hour before bed, avoid phone use, and stretch lightly before sleeping."
11,Eat whole foods,Nutrition,87,2,"Whole foods provide better nutrients, energy stability and appetite control than processed foods.","Why it matters: Whole foods provide more nutrients, fiber, and sustained energy than highly processed options. They support digestion, immunity, and overall health.
How to apply: Base meals around minimally processed ingredients such as vegetables, fruits, whole grains, and lean proteins.
Practical example: Replace packaged snacks with fruit, nuts, or yogurt."
12,Track your workouts,Habits & Lifestyle,86,2,"Tracking sets, reps or times increases motivation and ensures progressive overload.","Why it matters: Tracking provides objective feedback and prevents stagnation. Without records, it is difficult to measure progress accurately.
How to apply: Log exercises, weights, repetitions, and rest times consistently.
Practical example: Use a notebook or app to record each session and aim to improve one variable over time."
13,Slow controlled reps,Strength Training,85,3,"Controlled movement improves technique, muscle activation and safety.","Why it matters: Controlled repetitions increase muscle tension and improve movement awareness. Fast, uncontrolled reps reduce effectiveness and increase injury risk.
How to apply: Maintain steady lifting and lowering phases during strength and hypertrophy training.
Practical example: Lower the weight for three seconds and lift with control during each repetition."
14,Stretch after training,Mobility & Flexibility,84,1,Post-workout stretching reduces tightness and supports long-term mobility.,"Why it matters: Post-training stretching helps reduce muscle tightness and supports long-term mobility. It also aids relaxation and recovery.
How to apply: Stretch the muscles used in your workout while they are warm and avoid pushing into pain.
Practical example: After leg training, stretch hips, hamstrings, calves, and quadriceps for 5–10 minutes."
15,Plan your meals,Nutrition,84,2,Meal planning prevents impulsive eating and keeps you aligned with nutrition goals.,"Why it matters: Unplanned meals often lead to poor food choices. Planning reduces reliance on convenience foods and improves nutritional consistency.
How to apply: Decide meals in advance and prepare ingredients ahead of time.
Practical example: Plan lunches for the workweek on Sunday to avoid last-minute fast food."
16,Limit ultra-processed foods,Weight Management,83,2,Ultra-processed foods increase cravings and calories; reducing them improves overall health.,"Why it matters: Ultra-processed foods are calorie-dense, low in nutrients, and easy to overconsume. They disrupt appetite regulation and energy levels.
How to apply: Reduce frequency rather than eliminating them entirely and prioritize whole foods.
Practical example: Swap packaged desserts for fruit or homemade alternatives during the week."
17,Prioritise compound lifts,Strength Training,82,3,Compound movements work multiple muscle groups and produce faster strength gains.,"Why it matters: Compound exercises engage multiple muscle groups, making them more efficient and effective for building strength and muscle.
How to apply: Base workouts around multi-joint movements before adding isolation exercises.
Practical example: Include squats, deadlifts, presses, and rows as core exercises."
18,Do low-intensity cardio,Cardio & Endurance,82,1,Low-intensity cardio improves endurance and recovery without excessive fatigue.,"Why it matters: Low-intensity cardio improves aerobic fitness and recovery without excessive fatigue. It complements strength training well.
How to apply: Incorporate steady-paced walking, cycling, or swimming alongside higher-intensity workouts.
Practical example: Go for a brisk 30-minute walk on rest days."
19,Reduce sugary drinks,Nutrition,80,1,Cutting sugary drinks stabilizes energy levels and supports weight management.,"Why it matters: Sugary beverages add calories without providing satiety. They contribute to energy crashes and weight gain.
How to apply: Replace sugary drinks with water, herbal tea, or low-calorie alternatives.
Practical example: Switch soda with sparkling water flavored with lemon or lime."
20,Maintain good posture,Mobility & Flexibility,79,2,Good posture reduces joint strain and improves movement quality.,"Why it matters: Poor posture contributes to joint pain, reduced mobility, and inefficient movement patterns over time.
How to apply: Be mindful of posture during daily activities and strengthen muscles that support alignment.
Practical example: Adjust desk height and practice standing tall with shoulders relaxed and spine neutral."
21,Schedule your workouts,Habits & Lifestyle,78,2,Scheduling workouts ensures you follow through and boosts consistency.,"Why it matters: Unscheduled workouts are easy to skip. Treating training like an appointment increases adherence.
How to apply: Block workout times in your calendar and protect them as non-negotiable commitments.
Practical example: Schedule workouts immediately after work three days a week."
22,Choose realistic goals,Weight Management,77,2,Achievable goals build confidence and prevent disappointment.,"Why it matters: Unrealistic goals lead to frustration and burnout. Sustainable progress depends on achievable milestones.
How to apply: Set goals that reflect your current fitness level and lifestyle.
Practical example: Aim to improve strength or endurance gradually rather than expecting rapid transformations."
23,Progressive overload,Strength Training,77,3,"Gradually increasing reps, weight or difficulty ensures continuous improvement.","Why it matters: Progressive overload is essential for continued improvement. Without it, the body stops adapting.
How to apply: Gradually increase weight, repetitions, or training volume over time.
Practical example: Add one extra repetition or slightly increase weight every few weeks."
24,Eat mindfully,Nutrition,76,1,Mindful eating improves digestion and prevents overeating.,"Why it matters: Mindless eating often leads to overeating and poor digestion. Awareness improves satisfaction and portion control.
How to apply: Eat slowly, reduce distractions, and pay attention to hunger and fullness cues.
Practical example: Avoid eating meals while watching screens."
25,Learn proper breathing,Mental Fitness,75,2,"Proper breathing improves energy, posture and performance.","Why it matters: Breathing affects posture, stress levels, and performance. Poor breathing patterns limit oxygen delivery and stability.
How to apply: Practice diaphragmatic breathing during daily activities and training.
Practical example: Exhale forcefully during exertion and inhale deeply between sets."
26,Master basic movement patterns,Strength Training,75,3,Strong foundations reduce injury and improve overall performance.,"Why it matters: Fundamental movement patterns form the foundation of all physical activity. Poor movement mechanics increase injury risk and limit long-term progress.
How to apply: Focus on learning and reinforcing basic patterns such as squatting, hinging, pushing, pulling, and bracing before adding complexity or load.
Practical example: Practice bodyweight squats and hip hinges with controlled form before progressing to weighted variations."
27,Prioritise sleep quality,Recovery & Sleep,74,2,"Sleep regulates hormones, appetite and recovery.","Why it matters: Sleep plays a critical role in recovery, hormone regulation, and cognitive function. Chronic sleep deprivation negatively affects performance and motivation.
How to apply: Aim for consistent sleep and wake times while creating an environment that supports deep rest.
Practical example: Keep your bedroom dark and cool and avoid screens at least 30 minutes before bedtime."
28,Use the right footwear,Habits & Lifestyle,73,1,Good footwear improves movement mechanics and prevents injuries.,"Why it matters: Proper footwear supports alignment, balance, and movement efficiency. Inappropriate shoes can contribute to joint stress and injury.
How to apply: Choose footwear based on activity demands rather than appearance. Prioritize fit, support, and stability.
Practical example: Use flat, stable shoes for strength training and cushioned shoes for running or walking."
29,Include balance training,Mobility & Flexibility,73,2,Balance work enhances stability and coordination.,"Why it matters: Balance training improves stability, coordination, and injury resilience. It becomes increasingly important with age and varied training demands.
How to apply: Integrate balance-focused exercises into warm-ups or accessory work.
Practical example: Perform single-leg stands or split squats to challenge balance and control."
30,Train your back more,Strength Training,72,2,Strengthening the back improves posture and reduces injury risk.,"Why it matters: A strong back supports posture, shoulder health, and overall strength. Undertraining the back often leads to muscular imbalances.
How to apply: Include pulling movements at least as frequently as pushing exercises.
Practical example: Balance bench pressing with rows and pull-downs in your training program."
31,Limit alcohol intake,Nutrition,72,2,Alcohol disrupts sleep and slows recovery.,"Why it matters: Alcohol disrupts sleep quality, recovery, and hydration. Excess intake can impair training adaptations and decision-making.
How to apply: Reduce frequency and quantity, especially around training days.
Practical example: Limit alcohol consumption to special occasions rather than regular habits."
32,Practice good lifting technique,Strength Training,71,3,Proper form increases safety and effectiveness.,"Why it matters: Proper technique ensures muscles are loaded safely and effectively. Poor form increases injury risk and limits strength gains.
How to apply: Learn correct movement patterns using lighter loads before progressing.
Practical example: Record your lifts or seek feedback to refine technique over time."
33,Add variety to your training,Habits & Lifestyle,71,2,Variety prevents plateaus and keeps training enjoyable.,"Why it matters: Repeating the same workouts can lead to plateaus and boredom. Variety stimulates adaptation and maintains engagement.
How to apply: Change one training variable at a time while keeping overall goals consistent.
Practical example: Rotate exercises every few weeks while maintaining similar volume and intensity."
34,Mindful movement,Mental Fitness,70,1,Being present during exercise improves technique and focus.,"Why it matters: Awareness during movement improves coordination, technique, and injury prevention. Rushing through workouts reduces effectiveness.
How to apply: Focus attention on body position and muscle engagement during each exercise.
Practical example: Perform each repetition with deliberate control rather than rushing sets."
35,Eat enough fibre,Nutrition,70,1,"Fibre improves digestion, satiety and energy stability.","Why it matters: Fibre supports digestion, blood sugar control, and satiety. Low fibre intake often leads to poor gut health.
How to apply: Include vegetables, fruits, legumes, and whole grains regularly.
Practical example: Add vegetables to every meal and choose whole grains over refined options."
36,Practice active recovery,Recovery & Sleep,69,1,Light movement on rest days improves recovery and reduces stiffness.,"Why it matters: Complete inactivity can increase stiffness and slow recovery. Light movement promotes circulation and tissue repair.
How to apply: Use low-intensity activities on rest days.
Practical example: Go for an easy walk or gentle cycling session on non-training days."
37,Train full body regularly,Strength Training,69,2,Full-body sessions deliver efficiency and balanced strength gains.,"Why it matters: Full-body training promotes balanced strength development and efficient workouts.
How to apply: Structure sessions to include upper and lower body movements together.
Practical example: Combine squats, presses, and rows in a single workout session."
38,Practice stress management,Mental Fitness,68,2,Managing stress supports training consistency and decision-making.,"Why it matters: Chronic stress negatively affects recovery, motivation, and decision-making. Managing stress supports long-term consistency.
How to apply: Identify stress-reducing activities that fit your lifestyle.
Practical example: Use breathing exercises, short walks, or journaling to manage daily stress."
39,Prepare your gym bag early,Habits & Lifestyle,68,1,Preparation removes excuses and increases consistency.,"Why it matters: Preparation reduces friction and excuses that prevent training.
How to apply: Pack your gym bag in advance and keep it easily accessible.
Practical example: Prepare your bag the night before a morning workout."
40,Incorporate interval training,Cardio & Endurance,67,3,Intervals improve conditioning and burn more calories in less time.,"Why it matters: Interval training improves cardiovascular fitness efficiently and increases calorie expenditure.
How to apply: Alternate periods of high effort with recovery phases.
Practical example: Perform 30 seconds of fast cycling followed by 90 seconds of easy pace for multiple rounds."
41,Train your posterior chain,Strength Training,67,2,A strong posterior chain improves mobility and prevents injuries.,"Why it matters: The posterior chain supports posture, power, and injury prevention. Neglecting it leads to imbalances.
How to apply: Include hip-dominant movements in your routine.
Practical example: Add deadlifts, hip thrusts, or glute bridges to training sessions."
42,Prioritise nutrient-dense foods,Nutrition,66,1,"Nutrient-rich foods support recovery, immunity and energy.","Why it matters: Nutrient-dense foods support recovery, immunity, and overall health without excessive calories.
How to apply: Choose foods rich in vitamins and minerals.
Practical example: Build meals around vegetables, lean proteins, and healthy fats."
43,Practice good gym etiquette,Habits & Lifestyle,66,1,Respectful behavior creates a positive environment for everyone.,"Why it matters: Respectful behavior creates a positive training environment and improves focus.
How to apply: Be mindful of shared space and equipment.
Practical example: Re-rack weights and wipe equipment after use."
44,Take walking breaks,Cardio & Endurance,65,1,Short breaks improve circulation and reduce stiffness.,"Why it matters: Prolonged sitting reduces circulation and mobility. Regular movement supports overall health.
How to apply: Break up sedentary periods with short walks.
Practical example: Stand and walk for five minutes every hour during work."
45,Minimise distractions,Mental Fitness,65,2,Focused sessions improve performance and reduce errors.,"Why it matters: Distractions reduce workout quality and increase injury risk.
How to apply: Create an environment that supports focus.
Practical example: Silence notifications and set a clear workout plan before training."
46,Healthy fats intake,Nutrition,64,1,"Healthy fats support hormones, energy and satiety.","Why it matters: Healthy fats support hormone production, brain function, and satiety.
How to apply: Include sources of unsaturated fats regularly.
Practical example: Add nuts, seeds, olive oil, or avocados to meals."
47,Take rest days seriously,Recovery & Sleep,64,2,Rest days prevent burnout and support growth.,"Why it matters: Recovery is essential for adaptation and injury prevention. Ignoring rest leads to burnout.
How to apply: Schedule rest days intentionally.
Practical example: Use rest days for light mobility or relaxation rather than intense training."
48,Train with a partner,Habits & Lifestyle,63,2,Partners increase accountability and effort.,"Why it matters: Training partners increase accountability and motivation.
How to apply: Choose partners with similar goals and commitment.
Practical example: Schedule regular sessions with a friend or colleague."
49,Keep healthy snacks,Nutrition,63,1,Healthy snacks prevent impulsive overeating.,"Why it matters: Healthy snacks prevent impulsive food choices and energy crashes.
How to apply: Prepare snacks in advance.
Practical example: Carry fruit, nuts, or yogurt for busy days."
50,Vary your cardio,Cardio & Endurance,62,2,Different cardio modes reduce injury risk and build balanced endurance.,"Why it matters: Using different cardio modalities reduces overuse injuries and improves overall conditioning.
How to apply: Rotate cardio activities across the week.
Practical example: Alternate running, cycling, rowing, and swimming sessions."
51,Listen to your body,Mental Fitness,62,2,Understanding your limits prevents burnout and injury.,"Why it matters: Ignoring physical and mental signals can lead to injury, burnout, and stalled progress. Awareness helps you adjust training before problems escalate.
How to apply: Pay attention to pain, fatigue, and mood changes and differentiate discomfort from injury.
Practical example: Reduce intensity or volume when feeling unusually fatigued instead of pushing through every session."
52,Portion control,Weight Management,61,2,Moderating portions prevents overeating sustainably.,"Why it matters: Even healthy foods can contribute to weight gain when portions are excessive. Portion awareness supports sustainable nutrition habits.
How to apply: Serve meals mindfully and learn visual portion cues rather than strict calorie counting.
Practical example: Use smaller plates and pause midway through meals to assess fullness."
53,Include flexibility work,Mobility & Flexibility,61,1,Flexibility reduces stiffness and improves movement quality.,"Why it matters: Flexibility supports joint health, movement quality, and injury prevention. Neglecting it can limit training effectiveness.
How to apply: Add flexibility exercises regularly rather than only when tightness appears.
Practical example: Perform short stretching routines after workouts or before bed."
54,Mostly unprocessed food,Nutrition,61,1,Whole foods simplify weight control and improve health.,"Why it matters: Minimally processed foods provide better nutrient density and appetite regulation than refined alternatives.
How to apply: Build most meals around whole ingredients and limit packaged foods.
Practical example: Choose home-cooked meals over ready-to-eat processed options."
55,Proper lifting breathwork,Strength Training,60,2,Bracing improves strength and protects your spine.,"Why it matters: Breathing supports spinal stability and force production. Poor breath control increases injury risk.
How to apply: Learn to brace the core and coordinate breathing with movement.
Practical example: Inhale before a lift, brace your core, and exhale during exertion."
56,Set weekly fitness targets,Habits & Lifestyle,60,2,Weekly targets create momentum and clarity.,"Why it matters: Weekly goals create short-term focus and measurable progress. They reduce overwhelm compared to long-term goals alone.
How to apply: Set 1–3 achievable weekly targets related to training or habits.
Practical example: Aim to complete three workouts or hit a daily step goal each week."
57,Invest in basic equipment,Habits & Lifestyle,60,1,Simple equipment increases home workout options.,"Why it matters: Basic equipment expands training options and reduces dependence on gym access.
How to apply: Start with versatile, low-cost tools.
Practical example: Use resistance bands, adjustable dumbbells, or a yoga mat for home workouts."
58,Reduce late-night screen time,Recovery & Sleep,59,1,Less screen exposure improves sleep quality.,"Why it matters: Screen exposure before bed disrupts melatonin production and sleep quality.
How to apply: Limit screens in the final hour before sleep and create a calming routine.
Practical example: Replace phone use with reading or light stretching before bed."
59,Cook more meals,Nutrition,59,2,Home-cooked meals improve nutrition and portion control.,"Why it matters: Cooking at home improves food quality, portion control, and nutritional awareness.
How to apply: Prepare simple meals consistently rather than complex recipes.
Practical example: Cook basic protein and vegetables in bulk for multiple meals."
60,Something is better than nothing,Mental Fitness,59,1,Small actions maintain fitness habits and momentum.,"Why it matters: All-or-nothing thinking leads to inconsistency. Small actions maintain momentum.
How to apply: Lower the barrier to action when motivation is low.
Practical example: Do a 5-minute workout instead of skipping training entirely."
61,Practice good desk ergonomics,Mobility & Flexibility,58,1,Better alignment reduces pain and improves training posture.,"Why it matters: Poor ergonomics contribute to pain, stiffness, and reduced movement quality.
How to apply: Adjust desk height, chair position, and screen alignment.
Practical example: Keep feet flat on the floor and screen at eye level while working."
62,Limit highly processed snacks,Weight Management,58,2,Reducing processed snacks lowers calories and stabilizes hunger.,"Why it matters: Highly processed snacks encourage overeating and unstable energy levels.
How to apply: Replace them with nutrient-dense alternatives.
Practical example: Choose fruit, nuts, or yogurt instead of packaged snacks."
63,Incorporate unilateral exercises,Strength Training,57,2,Unilateral work fixes imbalances and improves stability.,"Why it matters: Unilateral training corrects strength imbalances and improves coordination.
How to apply: Include single-arm or single-leg exercises regularly.
Practical example: Perform split squats or single-arm rows during workouts."
64,Take regular mobility breaks,Mobility & Flexibility,57,1,Short mobility breaks reduce stiffness and improve posture.,"Why it matters: Prolonged sitting reduces joint mobility and circulation.
How to apply: Take short movement breaks throughout the day.
Practical example: Stand up and perform light stretches every hour."
65,Prioritise protein at breakfast,Nutrition,57,2,Protein-rich breakfasts improve satiety and energy.,"Why it matters: Protein-rich breakfasts improve satiety and energy stability.
How to apply: Include protein early in the day rather than delaying intake.
Practical example: Eat eggs, yogurt, or a protein smoothie for breakfast."
66,Use a training plan,Habits & Lifestyle,56,3,Structured plans prevent plateaus and improve progress.,"Why it matters: Structured plans reduce guesswork and improve consistency.
How to apply: Follow a plan aligned with your goals and experience level.
Practical example: Use a 4–6 week program with planned progression."
67,Incorporate tempo training,Strength Training,56,2,Tempo builds control and increases muscle engagement.,"Why it matters: Tempo training increases time under tension and improves control.
How to apply: Manipulate lifting and lowering speeds intentionally.
Practical example: Lower weights slowly for three seconds before lifting."
68,Avoid failure training often,Strength Training,55,3,Stopping short of failure improves recovery and long-term gains.,"Why it matters: Frequent training to failure increases fatigue and injury risk.
How to apply: Leave 1–2 repetitions in reserve on most sets.
Practical example: Stop a set when form begins to break rather than pushing to exhaustion."
69,Fuel properly pre-workout,Nutrition,55,2,Proper fueling increases performance and endurance.,"Why it matters: Proper fueling improves performance and endurance.
How to apply: Consume carbohydrates and fluids before training when needed.
Practical example: Eat a banana or light snack 30–60 minutes before workouts."
70,Celebrate small wins,Mental Fitness,55,1,Small victories build motivation and consistency.,"Why it matters: Recognizing progress reinforces motivation and consistency.
How to apply: Acknowledge achievements regardless of size.
Practical example: Celebrate completing workouts consistently for a week."
71,Use a heart rate monitor,Cardio & Endurance,54,2,Heart rate tracking improves cardio efficiency.,"Why it matters: Heart rate tracking improves training accuracy and efficiency.
How to apply: Use heart rate zones to guide intensity.
Practical example: Maintain a moderate heart rate during endurance sessions."
72,Meal prep,Nutrition,54,2,Meal prepping ensures consistent healthy eating.,"Why it matters: Meal prep supports consistency and reduces decision fatigue.
How to apply: Prepare meals or ingredients in advance.
Practical example: Cook protein and vegetables for several days at once."
73,Spend more time outdoors,Mental Fitness,53,1,Outdoor time reduces stress and boosts mood.,"Why it matters: Outdoor exposure reduces stress and improves mood.
How to apply: Incorporate outdoor activity into your routine.
Practical example: Walk outside during breaks or exercise in natural settings."
74,Start and end workouts on time,Habits & Lifestyle,53,1,Time structure keeps sessions efficient and consistent.,"Why it matters: Time discipline improves efficiency and adherence.
How to apply: Set clear start and end times for workouts.
Practical example: Begin sessions immediately after work and finish within planned duration."
75,Focus on form when tired,Strength Training,52,3,Maintaining form during fatigue prevents injury.,"Why it matters: Fatigue increases injury risk and reduces movement quality.
How to apply: Reduce load or volume when fatigue compromises form.
Practical example: Lower weights during later sets to maintain proper technique."
76,Limit late-night eating,Weight Management,52,2,Late eating disrupts digestion and sleep.,"Why it matters: Late-night eating can disrupt digestion, sleep quality, and hunger regulation. It often leads to unnecessary calorie intake.
How to apply: Aim to finish meals a few hours before bedtime and prioritize balanced dinners.
Practical example: Set a consistent dinner time and avoid snacking after it unless truly hungry."
77,Include power or speed work,Cardio & Endurance,51,3,Explosive movements improve athleticism and coordination.,"Why it matters: Power and speed training improve athletic performance, coordination, and neuromuscular efficiency.
How to apply: Incorporate short bursts of explosive movements with adequate rest.
Practical example: Add sprint intervals or medicine ball throws to training sessions."
78,Clean up food environment,Weight Management,51,1,A cleaner food environment reduces mindless eating.,"Why it matters: Environment strongly influences eating behavior. Visible unhealthy foods increase mindless snacking.
How to apply: Arrange your surroundings to support healthy choices.
Practical example: Keep fruits visible and store high-calorie snacks out of sight."
79,Use a timer during workouts,Habits & Lifestyle,51,1,Timing keeps workouts efficient and focused.,"Why it matters: Timers improve workout efficiency and focus by controlling rest periods.
How to apply: Set specific rest intervals and stick to them.
Practical example: Use a timer to limit rest to 60–90 seconds between sets."
80,Get morning sunlight,Recovery & Sleep,50,1,Morning sun regulates circadian rhythm and boosts alertness.,"Why it matters: Morning sunlight helps regulate circadian rhythm and improves alertness and sleep quality.
How to apply: Spend time outdoors shortly after waking.
Practical example: Take a short walk outside in the morning without sunglasses."
81,Lift weights regularly,Strength Training,50,2,"Strength training improves longevity, metabolism and mobility.","Why it matters: Regular strength training supports muscle mass, bone density, and metabolic health.
How to apply: Include resistance training multiple times per week.
Practical example: Perform full-body strength sessions two to three times weekly."
82,Active listening in training,Mental Fitness,49,1,Listening deeply supports better technique and understanding.,"Why it matters: Paying attention to coaching cues and body feedback improves technique and safety.
How to apply: Minimize distractions and focus fully on instructions during training.
Practical example: Concentrate on cues provided by a coach or trainer during exercises."
83,Zero-inbox-style tracking,Habits & Lifestyle,49,2,Clearing fitness logs daily increases accountability.,"Why it matters: Clearing unfinished tasks improves clarity and accountability.
How to apply: Regularly update and review fitness logs.
Practical example: Log workouts daily and clear pending entries at the end of each week."
84,Minimise interruptions during meals,Nutrition,48,1,Reducing distractions improves digestion and fullness recognition.,"Why it matters: Distractions during meals reduce awareness of hunger and fullness.
How to apply: Eat without screens or multitasking.
Practical example: Sit at a table and focus solely on eating during meals."
85,Use meal templates,Nutrition,48,1,Templates make healthy eating simple and repeatable.,"Why it matters: Templates simplify decision-making and improve consistency.
How to apply: Create repeatable meal structures using similar ingredients.
Practical example: Rotate a few go-to breakfast and lunch options during the week."
86,Do hardest exercises first,Strength Training,48,2,Starting with difficult movements improves quality and safety.,"Why it matters: Energy and focus are highest at the beginning of workouts.
How to apply: Perform technically demanding exercises early.
Practical example: Start sessions with compound lifts before isolation movements."
87,Clear mental open loops,Mental Fitness,47,2,Removing unresolved tasks improves focus and energy.,"Why it matters: Unresolved thoughts increase mental load and stress.
How to apply: Capture tasks and concerns externally.
Practical example: Write down pending tasks before training to improve focus."
88,Track pending fitness tasks,Habits & Lifestyle,47,1,A waiting-on list keeps fitness goals moving forward.,"Why it matters: Visibility of tasks increases follow-through.
How to apply: Maintain a simple task list for fitness-related actions.
Practical example: Keep a checklist for workouts, mobility, and recovery tasks."
89,Remove non-essential food decisions,Weight Management,46,1,Simplifying choices helps maintain healthy eating.,"Why it matters: Too many choices increase decision fatigue and inconsistency.
How to apply: Simplify food options.
Practical example: Eat similar breakfasts and lunches on weekdays."
90,Consistent eating schedule,Nutrition,46,2,Regular meals stabilise energy and hunger cues.,"Why it matters: Regular meal timing stabilizes energy and hunger cues.
How to apply: Eat meals at similar times daily.
Practical example: Schedule meals every 3–4 hours during the day."
91,Control your kitchen environment,Weight Management,45,2,Organising your kitchen makes healthier choices automatic.,"Why it matters: Kitchen setup influences eating behavior.
How to apply: Organize foods to support healthy choices.
Practical example: Keep nutritious foods at eye level and treats stored away."
92,Fitness uniform,Habits & Lifestyle,45,1,Wearing similar workout gear reduces decision fatigue.,"Why it matters: Reducing decisions increases consistency.
How to apply: Wear similar workout clothing.
Practical example: Prepare a standard workout outfit to eliminate hesitation."
93,Set deadlines for fitness goals,Habits & Lifestyle,44,2,Deadlines add urgency and improve follow-through.,"Why it matters: Deadlines create urgency and structure.
How to apply: Assign timeframes to goals.
Practical example: Set a 6-week deadline to improve a specific lift or habit."
94,Fitness accountability partner,Habits & Lifestyle,44,2,Accountability partners improve motivation and consistency.,"Why it matters: Accountability increases adherence and motivation.
How to apply: Share goals with someone who checks progress.
Practical example: Train with a partner or report progress weekly."
95,Use supplements wisely,Nutrition,43,1,Supplements help only when used intentionally and appropriately.,"Why it matters: Supplements cannot replace good nutrition and training.
How to apply: Use supplements only when necessary and evidence-based.
Practical example: Prioritize protein intake before considering supplements."
96,Schedule mental resets,Mental Fitness,43,1,Regular mental breaks reduce stress and maintain motivation.,"Why it matters: Mental breaks prevent burnout and improve long-term consistency.
How to apply: Plan short recovery periods.
Practical example: Take brief breaks from intense training blocks."
97,Keep 5 key goals only,Habits & Lifestyle,42,1,Focusing on five goals increases clarity and adherence.,"Why it matters: Too many goals dilute focus.
How to apply: Limit active goals to a manageable number.
Practical example: Choose five fitness priorities and ignore the rest."
98,Prepare gym space early,Habits & Lifestyle,42,1,Setting up your environment reduces friction and boosts consistency.,"Why it matters: Prepared environments reduce friction.
How to apply: Set up equipment before workouts.
Practical example: Lay out workout gear before training sessions."
99,Use analog tools to reduce distraction,Mental Fitness,41,1,Analog timers and alarms reduce phone distractions.,"Why it matters: Digital distractions reduce focus.
How to apply: Replace digital tools with simple alternatives.
Practical example: Use a stopwatch instead of a phone during workouts."
100,Chew gum for alertness,Mental Fitness,41,1,Chewing gum improves focus and alertness during light activity.,"Why it matters: Mild stimulation can improve focus during low-intensity activity.
How to apply: Use simple cues to increase alertness.
Practical example: Chew gum during light cardio or work breaks."
